USER_ID,USERNAME,FIRST_NAME,LAST_NAME,EMAIL,DATE_JOINED
0,username27355d,JuE,iCZ,JuE_iCZ@mock.com,2041
1,username5032J,Gwd,WKd,Gwd_WKd@mock.com,2034
2,username64513K,hln,FUg,hln_FUg@mock.com,2054
3,username51714F,jZH,TfY,jZH_TfY@mock.com,2039
4,username23867x,Gzf,McB,Gzf_McB@mock.com,2045
5,username44623P,MHU,Dlm,MHU_Dlm@mock.com,2054
6,username3507L,pzs,KNU,pzs_KNU@mock.com,2039
7,username8577K,dKc,AKo,dKc_AKo@mock.com,2037
8,username48040j,gJG,QlN,gJG_QlN@mock.com,2046
9,username47875e,qiB,fBF,qiB_fBF@mock.com,2023
10,username70874O,qlk,XrP,qlk_XrP@mock.com,2025
11,username95244d,DMk,APN,DMk_APN@mock.com,2049
12,username72687A,NCV,JSd,NCV_JSd@mock.com,2033
13,username4550J,ZtQ,UJi,ZtQ_UJi@mock.com,2041
14,username89839i,dNR,pso,dNR_pso@mock.com,2042
15,username79259P,phr,DjF,phr_DjF@mock.com,2046
16,username93904j,asC,fxa,asC_fxa@mock.com,2036
17,username80422t,DPw,TSg,DPw_TSg@mock.com,2037
18,username93121p,dyK,ANQ,dyK_ANQ@mock.com,2050
19,username10597R,MXS,wlr,MXS_wlr@mock.com,2040
20,username59317l,fJb,ndZ,fJb_ndZ@mock.com,2041
21,username17315N,gvA,sYf,gvA_sYf@mock.com,2051
22,username72267Q,zdl,Nkr,zdl_Nkr@mock.com,2034
23,username21269G,REZ,VXW,REZ_VXW@mock.com,2030
24,username51977E,CXs,rPH,CXs_rPH@mock.com,2033
25,username68005V,aIw,dQS,aIw_dQS@mock.com,2051
26,username75963h,NfL,iRT,NfL_iRT@mock.com,2038
27,username5104E,Rwg,yew,Rwg_yew@mock.com,2050
28,username25218M,gpi,wPE,gpi_wPE@mock.com,2042
29,username96004r,JwI,Wxh,JwI_Wxh@mock.com,2026
30,username88326p,jVb,naV,jVb_naV@mock.com,2049
31,username44377o,wZc,uck,wZc_uck@mock.com,2043
32,username16836u,Bqs,kiW,Bqs_kiW@mock.com,2035
33,username80653o,RDn,Tnb,RDn_Tnb@mock.com,2049
34,username69395G,BVn,qFF,BVn_qFF@mock.com,2049
35,username56616T,Iti,mmv,Iti_mmv@mock.com,2041
36,username73258n,UhZ,kYO,UhZ_kYO@mock.com,2034
37,username12461J,wnI,tUf,wnI_tUf@mock.com,2034
38,username2186w,iEA,PZE,iEA_PZE@mock.com,2035
39,username40115d,aiR,KHF,aiR_KHF@mock.com,2038
40,username32608j,Btu,tLm,Btu_tLm@mock.com,2038
41,username7311y,VBl,Tya,VBl_Tya@mock.com,2047
42,username27252C,qka,FFH,qka_FFH@mock.com,2051
43,username75426A,Hig,Yiv,Hig_Yiv@mock.com,2050
44,username47081N,ELG,QYG,ELG_QYG@mock.com,2039
45,username36338v,UPO,KQd,UPO_KQd@mock.com,2052
46,username61396S,Ifz,kqm,Ifz_kqm@mock.com,2043
47,username50020s,yOp,jog,yOp_jog@mock.com,2049
48,username41217K,lWI,KBF,lWI_KBF@mock.com,2031
49,username24606k,Hap,IMe,Hap_IMe@mock.com,2039
50,username51229R,kKr,jCG,kKr_jCG@mock.com,2055
51,username92370D,EoD,WND,EoD_WND@mock.com,2037
52,username23249r,spU,vgI,spU_vgI@mock.com,2040
53,username75290B,xmT,DiK,xmT_DiK@mock.com,2026
54,username96386b,zAZ,PWB,zAZ_PWB@mock.com,2035
55,username90819U,dQq,WSX,dQq_WSX@mock.com,2039
56,username31424u,GGw,lBX,GGw_lBX@mock.com,2032
57,username10229c,JmX,MQA,JmX_MQA@mock.com,2039
58,username65639L,VuB,WuG,VuB_WuG@mock.com,2039
59,username91914k,AeP,udt,AeP_udt@mock.com,2059
60,username93935R,blq,YMy,blq_YMy@mock.com,2035
61,username31666a,ipc,TnB,ipc_TnB@mock.com,2048
62,username51970j,xPw,qYq,xPw_qYq@mock.com,2045
63,username57984A,ZxE,Xcc,ZxE_Xcc@mock.com,2060
64,username26423T,vXT,zRW,vXT_zRW@mock.com,2048
65,username4663x,lhc,vpX,lhc_vpX@mock.com,2027
66,username9110t,ROU,Cyv,ROU_Cyv@mock.com,2035
67,username36309n,aCo,jjg,aCo_jjg@mock.com,2028
68,username43538k,PpE,iJo,PpE_iJo@mock.com,2031
69,username3036I,UxX,cka,UxX_cka@mock.com,2032
70,username92887i,xal,JDm,xal_JDm@mock.com,2038
71,username9041k,WUG,rkM,WUG_rkM@mock.com,2048
72,username60736h,XBt,YZq,XBt_YZq@mock.com,2032
73,username80604m,hkz,ESz,hkz_ESz@mock.com,2054
74,username57627c,wuy,eHj,wuy_eHj@mock.com,2051
75,username13636l,VUE,ifl,VUE_ifl@mock.com,2038
76,username45237d,SzX,VqB,SzX_VqB@mock.com,2047
77,username9172c,wLa,yds,wLa_yds@mock.com,2038
78,username37612r,YPI,Wli,YPI_Wli@mock.com,2044
79,username40198X,UgQ,ssp,UgQ_ssp@mock.com,2037
80,username95375x,Kdj,ZrV,Kdj_ZrV@mock.com,2057
81,username8695Z,fkW,JcF,fkW_JcF@mock.com,2027
82,username12112Q,TBd,oyJ,TBd_oyJ@mock.com,2056
83,username3708L,uCd,ngy,uCd_ngy@mock.com,2035
84,username27002k,NeD,KHZ,NeD_KHZ@mock.com,2026
85,username50339V,aAP,neo,aAP_neo@mock.com,2032
86,username83334K,QEy,iID,QEy_iID@mock.com,2050
87,username35212i,IQQ,ZBX,IQQ_ZBX@mock.com,2028
88,username17898Z,euA,ziV,euA_ziV@mock.com,2034
89,username39509R,QFT,Ldt,QFT_Ldt@mock.com,2052
90,username88995J,CAN,Pfj,CAN_Pfj@mock.com,2041
91,username44486L,Ruz,bIy,Ruz_bIy@mock.com,2041
92,username92083D,DRY,BkY,DRY_BkY@mock.com,2036
93,username12591q,KWD,gfU,KWD_gfU@mock.com,2058
94,username36429b,rpQ,WtP,rpQ_WtP@mock.com,2035
95,username93781e,MFP,iSh,MFP_iSh@mock.com,2052
96,username54198u,ibQ,GKZ,ibQ_GKZ@mock.com,2052
97,username50089r,aMT,crS,aMT_crS@mock.com,2036
98,username77696i,QcH,Uec,QcH_Uec@mock.com,2043
99,username53865H,iAw,rYp,iAw_rYp@mock.com,2034
100,username30036z,QFZ,GFf,QFZ_GFf@mock.com,2030
101,username62798i,DSU,WNH,DSU_WNH@mock.com,2040
102,username9504W,NuB,dfv,NuB_dfv@mock.com,2030
103,username91243e,ZSj,Byz,ZSj_Byz@mock.com,2050
104,username98346E,ONk,PxX,ONk_PxX@mock.com,2038
105,username33446g,Sbw,yKi,Sbw_yKi@mock.com,2038
106,username75731N,kUq,tSN,kUq_tSN@mock.com,2049
107,username3653Y,cBu,Iuw,cBu_Iuw@mock.com,2044
108,username29637z,Xcg,EoK,Xcg_EoK@mock.com,2031
109,username38602D,tYP,ttG,tYP_ttG@mock.com,2030
110,username87837J,XkS,cwQ,XkS_cwQ@mock.com,2042
111,username27339F,Nli,mpQ,Nli_mpQ@mock.com,2027
112,username83293x,vxS,DjO,vxS_DjO@mock.com,2042
113,username18715m,WmV,tmg,WmV_tmg@mock.com,2050
114,username75722r,rwi,JAN,rwi_JAN@mock.com,2039
115,username42511R,aYf,oLr,aYf_oLr@mock.com,2027
116,username98848c,Rci,gvE,Rci_gvE@mock.com,2045
117,username53649n,Ucg,vaw,Ucg_vaw@mock.com,2051
118,username43111q,qFU,TDL,qFU_TDL@mock.com,2039
119,username56891U,Etw,mOb,Etw_mOb@mock.com,2047
120,username50220q,cxE,oxi,cxE_oxi@mock.com,2035
121,username66763E,sGv,nIN,sGv_nIN@mock.com,2043
122,username76005J,hCV,KnP,hCV_KnP@mock.com,2044
123,username68652l,DFC,YRy,DFC_YRy@mock.com,2037
124,username4760b,NrE,uSZ,NrE_uSZ@mock.com,2021
125,username48318X,QyP,FpL,QyP_FpL@mock.com,2029
126,username13089S,zvQ,kOQ,zvQ_kOQ@mock.com,2057
127,username96913O,exx,ETG,exx_ETG@mock.com,2046
128,username15968N,ZnM,PVu,ZnM_PVu@mock.com,2049
129,username90150r,NmP,lNg,NmP_lNg@mock.com,2047
130,username79098U,Rlf,YzO,Rlf_YzO@mock.com,2054
131,username83088d,FnO,wfC,FnO_wfC@mock.com,2060
132,username87002Q,ibm,iQG,ibm_iQG@mock.com,2033
133,username11111O,DYv,XBn,DYv_XBn@mock.com,2048
134,username38878M,fOV,tcg,fOV_tcg@mock.com,2041
135,username9316l,Nuo,JdH,Nuo_JdH@mock.com,2049
136,username11636l,yNb,StI,yNb_StI@mock.com,2043
137,username18603u,YAl,mAH,YAl_mAH@mock.com,2048
138,username93716z,pTw,IUb,pTw_IUb@mock.com,2033
139,username50897c,bWw,lOp,bWw_lOp@mock.com,2037
140,username3774t,Muk,BPm,Muk_BPm@mock.com,2049
141,username42669g,fXR,OsQ,fXR_OsQ@mock.com,2048
142,username10923s,VDA,ICf,VDA_ICf@mock.com,2031
143,username1546T,qRl,HLz,qRl_HLz@mock.com,2038
144,username97876U,TIu,vEn,TIu_vEn@mock.com,2043
145,username24484k,TEZ,LJh,TEZ_LJh@mock.com,2044
146,username96453Z,cEO,Mmu,cEO_Mmu@mock.com,2031
147,username37970w,VLf,Dpn,VLf_Dpn@mock.com,2043
148,username40016w,KXT,wJr,KXT_wJr@mock.com,2043
149,username92140u,EmB,KvN,EmB_KvN@mock.com,2034
150,username93774a,hwW,zVY,hwW_zVY@mock.com,2045
151,username97719p,Jdu,ked,Jdu_ked@mock.com,2040
152,username87626k,AHX,AFn,AHX_AFn@mock.com,2031
153,username19675r,ohK,Dnw,ohK_Dnw@mock.com,2021
154,username72900i,Myn,zlL,Myn_zlL@mock.com,2046
155,username70883i,tqe,EtW,tqe_EtW@mock.com,2045
156,username8105y,Geu,oJw,Geu_oJw@mock.com,2032
157,username47408e,XrZ,SSy,XrZ_SSy@mock.com,2029
158,username18170h,VJz,PmM,VJz_PmM@mock.com,2036
159,username14596f,TVV,Hht,TVV_Hht@mock.com,2052
160,username18538R,ORt,jea,ORt_jea@mock.com,2048
161,username76302B,cnu,fxV,cnu_fxV@mock.com,2041
162,username40664c,vHM,alA,vHM_alA@mock.com,2040
163,username45897k,GSn,sZf,GSn_sZf@mock.com,2036
164,username26356y,aIQ,sWm,aIQ_sWm@mock.com,2044
165,username59508r,kuy,RHA,kuy_RHA@mock.com,2034
166,username5113k,zYK,bZs,zYK_bZs@mock.com,2024
167,username64615k,zQu,Tyd,zQu_Tyd@mock.com,2056
168,username49573K,SrK,kNH,SrK_kNH@mock.com,2053
169,username44507W,NxB,osY,NxB_osY@mock.com,2036
170,username39340T,PAV,pdt,PAV_pdt@mock.com,2042
171,username18956r,pMW,jAw,pMW_jAw@mock.com,2034
172,username36428o,Dah,PgH,Dah_PgH@mock.com,2053
173,username28169A,HXa,YVp,HXa_YVp@mock.com,2030
174,username16196I,Yog,FiP,Yog_FiP@mock.com,2047
175,username98332Q,AoD,QTs,AoD_QTs@mock.com,2052
176,username59949R,KLC,SwW,KLC_SwW@mock.com,2049
177,username923c,wuz,FIT,wuz_FIT@mock.com,2056
178,username2623N,nJI,Vjt,nJI_Vjt@mock.com,2033
179,username45292b,GVl,UYz,GVl_UYz@mock.com,2033
180,username51528F,fsv,OCr,fsv_OCr@mock.com,2043
181,username67257P,Vrf,EvH,Vrf_EvH@mock.com,2032
182,username56718x,Dxy,Ncy,Dxy_Ncy@mock.com,2030
183,username37913J,zfX,hDs,zfX_hDs@mock.com,2037
184,username62450d,bht,NAq,bht_NAq@mock.com,2033
185,username39959p,Emg,LYM,Emg_LYM@mock.com,2050
186,username89485L,uHV,hoo,uHV_hoo@mock.com,2047
187,username28825w,UKC,pZq,UKC_pZq@mock.com,2031
188,username4986h,TVn,ndt,TVn_ndt@mock.com,2043
189,username21552r,siM,uMn,siM_uMn@mock.com,2047
190,username33517b,Wnx,Kwt,Wnx_Kwt@mock.com,2044
191,username22470Z,tBo,BrZ,tBo_BrZ@mock.com,2030
192,username40748r,lGM,Jzz,lGM_Jzz@mock.com,2043
193,username36298q,urG,yCh,urG_yCh@mock.com,2038
194,username76975R,Ljm,XgZ,Ljm_XgZ@mock.com,2029
195,username8918f,GAy,yRl,GAy_yRl@mock.com,2044
196,username23634z,slQ,tVN,slQ_tVN@mock.com,2033
197,username50134H,GNQ,wLV,GNQ_wLV@mock.com,2045
198,username31145G,CEV,zxP,CEV_zxP@mock.com,2043
199,username6867W,CiL,LNN,CiL_LNN@mock.com,2022
200,username75001B,UBD,VBu,UBD_VBu@mock.com,2043
201,username80918Y,cNu,TnR,cNu_TnR@mock.com,2023
202,username28879Y,iJs,CoP,iJs_CoP@mock.com,2030
203,username71978H,nyY,AFc,nyY_AFc@mock.com,2054
204,username18278Q,KZR,BcN,KZR_BcN@mock.com,2035
205,username23112J,RnK,yhl,RnK_yhl@mock.com,2053
206,username46131a,dSD,NDX,dSD_NDX@mock.com,2051
207,username25492k,Ytw,ZZL,Ytw_ZZL@mock.com,2041
208,username88271k,Rkr,wcE,Rkr_wcE@mock.com,2041
209,username61680r,rDX,CYR,rDX_CYR@mock.com,2036
210,username18975y,Yrd,dvU,Yrd_dvU@mock.com,2035
211,username28064p,ujS,sAa,ujS_sAa@mock.com,2035
212,username39315r,neO,INO,neO_INO@mock.com,2035
213,username9371U,puO,NoD,puO_NoD@mock.com,2034
214,username58854k,dgL,CGb,dgL_CGb@mock.com,2057
215,username31292K,xFR,oCd,xFR_oCd@mock.com,2034
216,username78244p,LzQ,yfy,LzQ_yfy@mock.com,2054
217,username55180I,Qdg,JFY,Qdg_JFY@mock.com,2029
218,username48477q,TUp,NVf,TUp_NVf@mock.com,2047
219,username71509x,lpi,EUE,lpi_EUE@mock.com,2027
220,username94892V,cJx,WmG,cJx_WmG@mock.com,2027
221,username58179x,LHo,BmC,LHo_BmC@mock.com,2038
222,username24339z,ZmU,vPR,ZmU_vPR@mock.com,2033
223,username70346k,saT,JDF,saT_JDF@mock.com,2046
224,username92058k,WVK,YeQ,WVK_YeQ@mock.com,2056
225,username71319v,qfd,Xty,qfd_Xty@mock.com,2031
226,username3497D,IcF,ycn,IcF_ycn@mock.com,2041
227,username63514h,xnH,xLa,xnH_xLa@mock.com,2046
228,username136h,BZf,iPf,BZf_iPf@mock.com,2048
229,username24001E,zlo,xlo,zlo_xlo@mock.com,2039
230,username46340u,lSk,Xrm,lSk_Xrm@mock.com,2052
231,username77670f,qOe,ADL,qOe_ADL@mock.com,2058
232,username66823Z,bzC,tzT,bzC_tzT@mock.com,2032
233,username745K,jgf,jDh,jgf_jDh@mock.com,2046
234,username59212l,qzd,wMg,qzd_wMg@mock.com,2023
235,username44101T,yYA,Nmc,yYA_Nmc@mock.com,2052
236,username79765Z,TDM,fFz,TDM_fFz@mock.com,2027
237,username25770O,jFj,zSs,jFj_zSs@mock.com,2040
238,username60148a,vbg,Dvf,vbg_Dvf@mock.com,2057
239,username84042o,FYt,Hxf,FYt_Hxf@mock.com,2058
240,username5587D,ltL,hRM,ltL_hRM@mock.com,2031
241,username78670e,Yla,XQC,Yla_XQC@mock.com,2027
242,username17387U,tlZ,QGm,tlZ_QGm@mock.com,2049
243,username78720e,JMC,AuZ,JMC_AuZ@mock.com,2041
244,username49967f,JMe,vKi,JMe_vKi@mock.com,2050
245,username67417O,Tcc,akD,Tcc_akD@mock.com,2049
246,username30005o,GeK,Icg,GeK_Icg@mock.com,2038
247,username66788N,knZ,AxY,knZ_AxY@mock.com,2031
248,username65801P,eIV,Aqh,eIV_Aqh@mock.com,2034
249,username85084P,Cgk,yig,Cgk_yig@mock.com,2032
250,username51361h,Msa,Bbl,Msa_Bbl@mock.com,2036
251,username36215P,cmr,QBl,cmr_QBl@mock.com,2054
252,username48162P,RvP,vcc,RvP_vcc@mock.com,2036
253,username27768T,GwR,OdG,GwR_OdG@mock.com,2051
254,username32949r,qhH,SiP,qhH_SiP@mock.com,2022
255,username9976L,KXm,dLc,KXm_dLc@mock.com,2034
256,username51707o,Swm,LLq,Swm_LLq@mock.com,2054
257,username56637H,GxT,rHr,GxT_rHr@mock.com,2054
258,username81768i,vZI,DBA,vZI_DBA@mock.com,2045
259,username10258W,Hzg,bVh,Hzg_bVh@mock.com,2039
260,username34947t,Kjz,hra,Kjz_hra@mock.com,2057
261,username92876Y,vbU,Fhq,vbU_Fhq@mock.com,2036
262,username67329Q,Rfo,zIW,Rfo_zIW@mock.com,2044
263,username43458L,TsA,tIz,TsA_tIz@mock.com,2056
264,username43412L,mLN,VPt,mLN_VPt@mock.com,2036
265,username97156o,MaV,DOU,MaV_DOU@mock.com,2045
266,username21561u,wXn,TbS,wXn_TbS@mock.com,2037
267,username63641U,sXT,uMf,sXT_uMf@mock.com,2039
268,username10568k,umC,mBk,umC_mBk@mock.com,2030
269,username90613G,RVJ,cfS,RVJ_cfS@mock.com,2038
270,username74436X,ISd,gfN,ISd_gfN@mock.com,2024
271,username31429V,IoV,zJy,IoV_zJy@mock.com,2034
272,username87511c,XFE,NEu,XFE_NEu@mock.com,2040
273,username75984O,kks,qul,kks_qul@mock.com,2031
274,username57567i,cHZ,SDu,cHZ_SDu@mock.com,2032
275,username70050y,wtU,eZp,wtU_eZp@mock.com,2049
276,username18338j,tIO,gFw,tIO_gFw@mock.com,2038
277,username83305A,gcn,oSJ,gcn_oSJ@mock.com,2022
278,username36668H,qDL,gOD,qDL_gOD@mock.com,2030
279,username63650p,AXn,VTh,AXn_VTh@mock.com,2048
280,username47482g,bvO,gdb,bvO_gdb@mock.com,2056
281,username63170M,jxY,Ffy,jxY_Ffy@mock.com,2042
282,username38734f,wzA,aCB,wzA_aCB@mock.com,2045
283,username33891A,qQw,btn,qQw_btn@mock.com,2043
284,username45638E,yjh,dnM,yjh_dnM@mock.com,2045
285,username45892P,AYM,oae,AYM_oae@mock.com,2039
286,username23965N,pJj,ZpX,pJj_ZpX@mock.com,2045
287,username26907D,yiH,Xpp,yiH_Xpp@mock.com,2030
288,username90687X,Slg,csJ,Slg_csJ@mock.com,2038
289,username46611X,qhC,WRB,qhC_WRB@mock.com,2041
290,username1454y,OJN,LZC,OJN_LZC@mock.com,2042
291,username41488g,VFL,uDY,VFL_uDY@mock.com,2039
292,username1819K,Cwk,vyx,Cwk_vyx@mock.com,2038
293,username64881g,jAu,TBz,jAu_TBz@mock.com,2050
294,username75940T,mjZ,lxH,mjZ_lxH@mock.com,2056
295,username37059O,bZn,txB,bZn_txB@mock.com,2055
296,username23866Z,UQO,PpP,UQO_PpP@mock.com,2028
297,username53185b,ugo,gjq,ugo_gjq@mock.com,2029
298,username400D,Vdn,wXe,Vdn_wXe@mock.com,2025
299,username31765M,kWp,cVU,kWp_cVU@mock.com,2057
300,username2209D,Cjx,GQL,Cjx_GQL@mock.com,2041
301,username87508I,Brp,YsY,Brp_YsY@mock.com,2033
302,username4448t,zyg,yXZ,zyg_yXZ@mock.com,2038
303,username98170F,Aml,wNO,Aml_wNO@mock.com,2055
304,username55575e,dag,kkS,dag_kkS@mock.com,2041
305,username85615L,aGm,Zzq,aGm_Zzq@mock.com,2034
306,username80259b,qcK,KdH,qcK_KdH@mock.com,2031
307,username88146w,jif,DaU,jif_DaU@mock.com,2052
308,username83786w,oMv,DBq,oMv_DBq@mock.com,2043
309,username21552H,eCE,CjP,eCE_CjP@mock.com,2044
310,username53259V,tUa,Oxh,tUa_Oxh@mock.com,2044
311,username3857J,xwR,nzh,xwR_nzh@mock.com,2031
312,username54526G,dFX,ezb,dFX_ezb@mock.com,2027
313,username62689L,wcx,cJs,wcx_cJs@mock.com,2039
314,username36419M,raU,KBW,raU_KBW@mock.com,2057
315,username23655r,iXS,zZo,iXS_zZo@mock.com,2035
316,username91645o,vQQ,Gal,vQQ_Gal@mock.com,2030
317,username96862n,PUS,EoI,PUS_EoI@mock.com,2027
318,username95605F,GDV,waJ,GDV_waJ@mock.com,2037
319,username27174k,RCR,Bvu,RCR_Bvu@mock.com,2027
320,username51300B,khP,xtd,khP_xtd@mock.com,2050
321,username74255l,qDf,OkB,qDf_OkB@mock.com,2031
322,username77228e,Iub,Ybg,Iub_Ybg@mock.com,2033
323,username46355f,JyA,GkL,JyA_GkL@mock.com,2026
324,username21027o,nIr,XPy,nIr_XPy@mock.com,2059
325,username64909Q,hrh,TkT,hrh_TkT@mock.com,2048
326,username754j,WGK,FTu,WGK_FTu@mock.com,2037
327,username13619I,NjQ,hwF,NjQ_hwF@mock.com,2043
328,username40308Q,cuj,gWK,cuj_gWK@mock.com,2023
329,username91689j,tcD,uRM,tcD_uRM@mock.com,2051
330,username68418S,CCR,het,CCR_het@mock.com,2049
331,username60904N,mPh,dZB,mPh_dZB@mock.com,2023
332,username55184g,spS,fGA,spS_fGA@mock.com,2046
333,username92195f,gkM,gNJ,gkM_gNJ@mock.com,2037
334,username64454X,zOJ,tWb,zOJ_tWb@mock.com,2046
335,username83491g,sPM,gGs,sPM_gGs@mock.com,2054
336,username91525X,EKp,tyY,EKp_tyY@mock.com,2047
337,username18898h,YyX,zVY,YyX_zVY@mock.com,2042
338,username15526u,oaC,Pnx,oaC_Pnx@mock.com,2053
339,username28526n,OOR,voJ,OOR_voJ@mock.com,2035
340,username4920s,Tzq,yLp,Tzq_yLp@mock.com,2043
341,username11475c,DLG,BGB,DLG_BGB@mock.com,2042
342,username17155V,HVR,xHa,HVR_xHa@mock.com,2051
343,username32529h,qKl,dSc,qKl_dSc@mock.com,2024
344,username25336I,YnN,aCj,YnN_aCj@mock.com,2043
345,username46345d,iMu,EmB,iMu_EmB@mock.com,2036
346,username7770H,VwC,rZB,VwC_rZB@mock.com,2044
347,username60749Z,zWF,enA,zWF_enA@mock.com,2027
348,username46291P,lIS,oOr,lIS_oOr@mock.com,2039
349,username3651x,nGO,zCp,nGO_zCp@mock.com,2042
350,username89116T,Ynl,ZSd,Ynl_ZSd@mock.com,2037
351,username21299Q,YUH,kDr,YUH_kDr@mock.com,2044
352,username78723t,LOb,ihI,LOb_ihI@mock.com,2050
353,username28758z,KBs,mnf,KBs_mnf@mock.com,2056
354,username93341B,geK,gRW,geK_gRW@mock.com,2054
355,username8416F,BTN,WAq,BTN_WAq@mock.com,2054
356,username25295n,Rpa,EzR,Rpa_EzR@mock.com,2050
357,username70856y,LZE,nbZ,LZE_nbZ@mock.com,2044
358,username61054R,Bwg,rrp,Bwg_rrp@mock.com,2040
359,username50452M,SRa,vAN,SRa_vAN@mock.com,2054
360,username99160m,sus,Mqc,sus_Mqc@mock.com,2050
361,username63914L,fSI,kZQ,fSI_kZQ@mock.com,2054
362,username14156C,vRw,ZXv,vRw_ZXv@mock.com,2035
363,username34650X,aMv,Tbm,aMv_Tbm@mock.com,2037
364,username21975h,RwH,woW,RwH_woW@mock.com,2032
365,username42307a,tDV,giF,tDV_giF@mock.com,2032
366,username16426L,fil,Bat,fil_Bat@mock.com,2041
367,username2767Z,kCQ,VOv,kCQ_VOv@mock.com,2043
368,username15623T,KhY,AZh,KhY_AZh@mock.com,2034
369,username94341z,XFM,Rna,XFM_Rna@mock.com,2028
370,username9421w,BbI,QaT,BbI_QaT@mock.com,2039
371,username37128S,Kgh,GTs,Kgh_GTs@mock.com,2057
372,username21512B,AYk,rlA,AYk_rlA@mock.com,2027
373,username92657k,jdo,yQX,jdo_yQX@mock.com,2039
374,username66276P,eAh,Mdr,eAh_Mdr@mock.com,2036
375,username17290h,rKU,bNA,rKU_bNA@mock.com,2047
376,username80307Q,vTc,ghy,vTc_ghy@mock.com,2049
377,username49733r,qfU,qEJ,qfU_qEJ@mock.com,2049
378,username79937e,oEj,BKs,oEj_BKs@mock.com,2033
379,username37813o,wus,jjI,wus_jjI@mock.com,2054
380,username86207d,Lyu,UrH,Lyu_UrH@mock.com,2030
381,username84987N,NlM,OoF,NlM_OoF@mock.com,2026
382,username18468h,kCY,BHr,kCY_BHr@mock.com,2032
383,username36559C,Qbs,XoR,Qbs_XoR@mock.com,2051
384,username66555o,euN,KlX,euN_KlX@mock.com,2053
385,username17195K,AAW,HNi,AAW_HNi@mock.com,2038
386,username7280e,ubJ,CIl,ubJ_CIl@mock.com,2043
387,username59465p,pjW,iLq,pjW_iLq@mock.com,2030
388,username58521M,Uic,oSV,Uic_oSV@mock.com,2049
389,username96876B,ezK,QMv,ezK_QMv@mock.com,2035
390,username85260v,Lhs,nrZ,Lhs_nrZ@mock.com,2050
391,username71223Y,fOB,BSM,fOB_BSM@mock.com,2039
392,username95646G,kui,sgW,kui_sgW@mock.com,2048
393,username85225c,RIM,olv,RIM_olv@mock.com,2042
394,username90510b,qHs,GDq,qHs_GDq@mock.com,2043
395,username69954g,zHC,SIh,zHC_SIh@mock.com,2041
396,username46808M,SHp,RJR,SHp_RJR@mock.com,2052
397,username88596s,Uog,XFO,Uog_XFO@mock.com,2039
398,username14959j,tFY,BIR,tFY_BIR@mock.com,2037
399,username86245K,tQO,dus,tQO_dus@mock.com,2052
400,username79044A,Bwn,ueY,Bwn_ueY@mock.com,2044
401,username94998F,abh,RBv,abh_RBv@mock.com,2038
402,username23489b,rjS,nhX,rjS_nhX@mock.com,2033
403,username85182i,sFD,Pbl,sFD_Pbl@mock.com,2027
404,username86452d,xKY,cVA,xKY_cVA@mock.com,2036
405,username14690t,rLI,aLS,rLI_aLS@mock.com,2039
406,username11272P,PfO,mZu,PfO_mZu@mock.com,2050
407,username44792V,Zal,RBY,Zal_RBY@mock.com,2043
408,username34846x,FnG,RGu,FnG_RGu@mock.com,2056
409,username1018w,TDQ,zXI,TDQ_zXI@mock.com,2033
410,username26286f,LOM,lEZ,LOM_lEZ@mock.com,2031
411,username20553t,FGp,fOK,FGp_fOK@mock.com,2049
412,username10976j,Noz,uAc,Noz_uAc@mock.com,2037
413,username82117k,URA,ghZ,URA_ghZ@mock.com,2050
414,username12167X,jeG,apU,jeG_apU@mock.com,2043
415,username79733q,oTa,MYc,oTa_MYc@mock.com,2048
416,username9440y,zHg,FXK,zHg_FXK@mock.com,2048
417,username62673O,oMD,Ttm,oMD_Ttm@mock.com,2054
418,username24075f,cRM,EnQ,cRM_EnQ@mock.com,2055
419,username32117e,zmh,bsc,zmh_bsc@mock.com,2049
420,username72550g,pqM,GwA,pqM_GwA@mock.com,2038
421,username26472v,gpC,fOV,gpC_fOV@mock.com,2036
422,username74018j,ddP,cAh,ddP_cAh@mock.com,2052
423,username98894s,wGE,GtJ,wGE_GtJ@mock.com,2024
424,username54234E,qPX,cXk,qPX_cXk@mock.com,2056
425,username81562W,tFB,WvE,tFB_WvE@mock.com,2041
426,username49872Q,BZZ,qib,BZZ_qib@mock.com,2056
427,username53569c,VQy,gjj,VQy_gjj@mock.com,2033
428,username23075r,Cyv,kLH,Cyv_kLH@mock.com,2047
429,username68066R,vxj,nMC,vxj_nMC@mock.com,2043
430,username66871E,GIS,ELt,GIS_ELt@mock.com,2045
431,username13279O,EIK,pcz,EIK_pcz@mock.com,2025
432,username29222k,UOA,Jjj,UOA_Jjj@mock.com,2031
433,username67953d,wRo,JJL,wRo_JJL@mock.com,2048
434,username26315Q,xZW,PZX,xZW_PZX@mock.com,2035
435,username39328I,CJc,drS,CJc_drS@mock.com,2037
436,username1160U,Uae,Wou,Uae_Wou@mock.com,2031
437,username64736u,HYl,Crt,HYl_Crt@mock.com,2033
438,username98822V,eQD,XLd,eQD_XLd@mock.com,2024
439,username81501E,HqG,nvT,HqG_nvT@mock.com,2032
440,username10738o,qBX,lps,qBX_lps@mock.com,2057
441,username98526Q,cCJ,QDl,cCJ_QDl@mock.com,2032
442,username50004B,ARy,shH,ARy_shH@mock.com,2034
443,username56575K,GoG,qTr,GoG_qTr@mock.com,2022
444,username74991q,GjN,mtu,GjN_mtu@mock.com,2046
445,username7872t,qkz,FoQ,qkz_FoQ@mock.com,2052
446,username81604e,Nop,ClF,Nop_ClF@mock.com,2042
447,username68238w,PVW,cev,PVW_cev@mock.com,2042
448,username33139c,gSE,HjW,gSE_HjW@mock.com,2037
449,username14690v,jIQ,qvD,jIQ_qvD@mock.com,2037
450,username26007X,hle,qES,hle_qES@mock.com,2051
451,username86908Z,JOh,MpJ,JOh_MpJ@mock.com,2048
452,username59684M,mIf,BIO,mIf_BIO@mock.com,2046
453,username24304a,CdZ,Sfx,CdZ_Sfx@mock.com,2037
454,username37530k,iVl,bPQ,iVl_bPQ@mock.com,2034
455,username73U,YZq,BLJ,YZq_BLJ@mock.com,2031
456,username68569p,Kcd,zhC,Kcd_zhC@mock.com,2047
457,username5024c,dMj,YwI,dMj_YwI@mock.com,2057
458,username74055I,Rbg,Uld,Rbg_Uld@mock.com,2025
459,username33533Y,Uyg,Ffp,Uyg_Ffp@mock.com,2049
460,username25779d,zWh,Cqk,zWh_Cqk@mock.com,2038
461,username69611c,NXc,DvH,NXc_DvH@mock.com,2045
462,username47233G,obi,PSq,obi_PSq@mock.com,2034
463,username97068r,vTF,lai,vTF_lai@mock.com,2052
464,username88524L,Eau,Bii,Eau_Bii@mock.com,2047
465,username15300K,ZiN,UJH,ZiN_UJH@mock.com,2047
466,username69966D,Wph,JzE,Wph_JzE@mock.com,2054
467,username34786D,Keq,VzE,Keq_VzE@mock.com,2045
468,username4122E,azl,YRG,azl_YRG@mock.com,2038
469,username86347g,OFD,BRZ,OFD_BRZ@mock.com,2029
470,username32223i,xVA,UET,xVA_UET@mock.com,2050
471,username6609b,Ojz,MtX,Ojz_MtX@mock.com,2048
472,username85059h,goI,WBH,goI_WBH@mock.com,2048
473,username79635S,Fjh,Hmw,Fjh_Hmw@mock.com,2041
474,username91514w,yMX,BCS,yMX_BCS@mock.com,2050
475,username86993T,kNP,FkI,kNP_FkI@mock.com,2041
476,username75343j,AyZ,aac,AyZ_aac@mock.com,2036
477,username66820l,zMG,ToK,zMG_ToK@mock.com,2039
478,username45632Y,jVr,tfZ,jVr_tfZ@mock.com,2040
479,username13485l,gwm,Flp,gwm_Flp@mock.com,2035
480,username25345F,Upm,MhR,Upm_MhR@mock.com,2040
481,username31335U,IFI,FAh,IFI_FAh@mock.com,2024
482,username44078t,eaT,VgH,eaT_VgH@mock.com,2033
483,username17538Y,DsN,Kzr,DsN_Kzr@mock.com,2046
484,username4058T,gbG,pPU,gbG_pPU@mock.com,2049
485,username97863q,vVl,EDE,vVl_EDE@mock.com,2042
486,username42554J,OXz,OFj,OXz_OFj@mock.com,2030
487,username45714P,MWf,qPB,MWf_qPB@mock.com,2042
488,username71651f,Xdl,tvt,Xdl_tvt@mock.com,2054
489,username42969y,EQb,mNU,EQb_mNU@mock.com,2028
490,username51120r,ZuS,iwW,ZuS_iwW@mock.com,2031
491,username14543Z,ksZ,ndf,ksZ_ndf@mock.com,2042
492,username27086D,qMX,ujw,qMX_ujw@mock.com,2027
493,username22726q,eHz,puF,eHz_puF@mock.com,2042
494,username62098R,sHd,DPP,sHd_DPP@mock.com,2024
495,username43076c,Bpq,xHh,Bpq_xHh@mock.com,2049
496,username55215A,ISY,WNT,ISY_WNT@mock.com,2029
497,username80741R,SGt,Wsm,SGt_Wsm@mock.com,2039
498,username94814Z,IkK,JZt,IkK_JZt@mock.com,2031
499,username18823P,ztz,Fyk,ztz_Fyk@mock.com,2043
500,username20595N,QcZ,rrD,QcZ_rrD@mock.com,2038
501,username39042J,Ngv,qqA,Ngv_qqA@mock.com,2051
502,username94332Q,fcJ,ocM,fcJ_ocM@mock.com,2058
503,username80489J,XPG,mBy,XPG_mBy@mock.com,2032
504,username51364x,sAN,gFk,sAN_gFk@mock.com,2036
505,username43559C,FqN,YJN,FqN_YJN@mock.com,2059
506,username90286M,AVv,geH,AVv_geH@mock.com,2058
507,username81410o,FjS,oiK,FjS_oiK@mock.com,2048
508,username21578Z,nno,uwR,nno_uwR@mock.com,2044
509,username61033p,qLJ,tcx,qLJ_tcx@mock.com,2027
510,username34292J,tto,Suz,tto_Suz@mock.com,2035
511,username49897G,mdd,cJv,mdd_cJv@mock.com,2050
512,username13554G,ulk,Xra,ulk_Xra@mock.com,2049
513,username31139Z,pmG,JAl,pmG_JAl@mock.com,2043
514,username39314l,EXy,vzf,EXy_vzf@mock.com,2029
515,username98972P,Kqk,yjX,Kqk_yjX@mock.com,2042
516,username64360G,yQQ,YFi,yQQ_YFi@mock.com,2034
517,username9505J,mzp,TZv,mzp_TZv@mock.com,2028
518,username21764V,XwI,rqR,XwI_rqR@mock.com,2035
519,username38034g,ffY,bFn,ffY_bFn@mock.com,2059
520,username91778n,eJL,KgX,eJL_KgX@mock.com,2033
521,username68931Q,ypv,Ffh,ypv_Ffh@mock.com,2037
522,username36338N,Vnc,Cde,Vnc_Cde@mock.com,2047
523,username77004T,wkf,rZh,wkf_rZh@mock.com,2046
524,username44107F,RMn,dQT,RMn_dQT@mock.com,2052
525,username81280N,Svt,icz,Svt_icz@mock.com,2045
526,username29280S,PGA,ien,PGA_ien@mock.com,2057
527,username71749N,sGg,Knv,sGg_Knv@mock.com,2033
528,username23848A,AUj,xOl,AUj_xOl@mock.com,2036
529,username43542z,cDD,CMs,cDD_CMs@mock.com,2047
530,username64965W,fmw,lax,fmw_lax@mock.com,2040
531,username19266p,ekm,PQQ,ekm_PQQ@mock.com,2048
532,username74615J,DUb,CbH,DUb_CbH@mock.com,2048
533,username37987Q,zKV,KcT,zKV_KcT@mock.com,2046
534,username26426l,Sry,etb,Sry_etb@mock.com,2031
535,username41953a,Lqe,bwE,Lqe_bwE@mock.com,2042
536,username25078y,ziS,zVN,ziS_zVN@mock.com,2036
537,username55803z,XKJ,xjq,XKJ_xjq@mock.com,2043
538,username27414E,Tgm,YQD,Tgm_YQD@mock.com,2039
539,username44611T,raJ,tKl,raJ_tKl@mock.com,2056
540,username60299n,muD,Wnl,muD_Wnl@mock.com,2048
541,username18015o,pnP,PZj,pnP_PZj@mock.com,2058
542,username15243B,VXI,HpO,VXI_HpO@mock.com,2028
543,username29766f,uHY,vGu,uHY_vGu@mock.com,2043
544,username31925F,QDf,jXl,QDf_jXl@mock.com,2034
545,username92316G,rdz,mfE,rdz_mfE@mock.com,2055
546,username73029j,fQv,Ffl,fQv_Ffl@mock.com,2047
547,username50154W,WqM,SVt,WqM_SVt@mock.com,2055
548,username86993q,miC,amp,miC_amp@mock.com,2043
549,username36782i,ryP,Rik,ryP_Rik@mock.com,2034
550,username93814D,KIF,SaP,KIF_SaP@mock.com,2047
551,username59732a,waS,HJj,waS_HJj@mock.com,2049
552,username10030b,mTj,Esq,mTj_Esq@mock.com,2029
553,username5758A,WXH,eGL,WXH_eGL@mock.com,2033
554,username75206D,KOE,VOa,KOE_VOa@mock.com,2038
555,username29995B,fzW,NTO,fzW_NTO@mock.com,2048
556,username46703n,hdp,rmY,hdp_rmY@mock.com,2051
557,username84760H,nEF,lyo,nEF_lyo@mock.com,2049
558,username42809w,jJB,nqb,jJB_nqb@mock.com,2041
559,username42848M,KFw,cWm,KFw_cWm@mock.com,2050
560,username56205t,Mpm,ejT,Mpm_ejT@mock.com,2033
561,username74124H,OBd,xEV,OBd_xEV@mock.com,2045
562,username74759M,EjA,HIz,EjA_HIz@mock.com,2035
563,username64013J,Cpw,nNY,Cpw_nNY@mock.com,2049
564,username93004x,hhP,yjk,hhP_yjk@mock.com,2044
565,username34173X,EEY,rin,EEY_rin@mock.com,2025
566,username49896Z,CZq,QZL,CZq_QZL@mock.com,2040
567,username67860b,gdC,seI,gdC_seI@mock.com,2045
568,username66757b,oHZ,Szv,oHZ_Szv@mock.com,2044
569,username16890P,ylN,tuY,ylN_tuY@mock.com,2035
570,username88933r,FZw,pxH,FZw_pxH@mock.com,2044
571,username5437o,ZoN,lHM,ZoN_lHM@mock.com,2039
572,username68832m,IDg,kjK,IDg_kjK@mock.com,2034
573,username46940Q,UID,RWD,UID_RWD@mock.com,2033
574,username27487u,VBn,nws,VBn_nws@mock.com,2035
575,username54466R,uUD,hxd,uUD_hxd@mock.com,2041
576,username62980i,uLd,jPL,uLd_jPL@mock.com,2050
577,username87944f,JDl,FWm,JDl_FWm@mock.com,2052
578,username72362s,AgS,JTQ,AgS_JTQ@mock.com,2042
579,username4569k,vGQ,pSN,vGQ_pSN@mock.com,2029
580,username9580D,QoS,Ini,QoS_Ini@mock.com,2058
581,username37316O,SQB,YCc,SQB_YCc@mock.com,2042
582,username18113Z,mof,fET,mof_fET@mock.com,2038
583,username77647M,BUV,msu,BUV_msu@mock.com,2046
584,username19463N,bvC,CQC,bvC_CQC@mock.com,2037
585,username717z,NQY,vvb,NQY_vvb@mock.com,2060
586,username75883d,oCV,KPM,oCV_KPM@mock.com,2048
587,username1341t,hXJ,mHH,hXJ_mHH@mock.com,2049
588,username14333d,rQj,EIz,rQj_EIz@mock.com,2025
589,username41048d,iNN,rre,iNN_rre@mock.com,2042
590,username7339S,IUg,SSU,IUg_SSU@mock.com,2032
591,username40067h,FZd,IRW,FZd_IRW@mock.com,2039
592,username93944a,zaC,mTw,zaC_mTw@mock.com,2031
593,username24405J,Jkm,zzj,Jkm_zzj@mock.com,2033
594,username28278F,yFp,gjj,yFp_gjj@mock.com,2024
595,username69398M,GCl,FLW,GCl_FLW@mock.com,2036
596,username73160X,Bgb,Vmq,Bgb_Vmq@mock.com,2032
597,username93641e,VRH,bor,VRH_bor@mock.com,2027
598,username72347U,RYN,sgx,RYN_sgx@mock.com,2031
599,username39262q,KgU,iCi,KgU_iCi@mock.com,2039
600,username45757i,ENn,HQi,ENn_HQi@mock.com,2039
601,username82670x,JpT,oui,JpT_oui@mock.com,2047
602,username52834i,myJ,okF,myJ_okF@mock.com,2047
603,username26543M,yGK,tcZ,yGK_tcZ@mock.com,2038
604,username72723e,RwE,JgS,RwE_JgS@mock.com,2038
605,username57257I,LGf,SJV,LGf_SJV@mock.com,2040
606,username92965X,LeL,iqw,LeL_iqw@mock.com,2053
607,username23391U,hlq,MSx,hlq_MSx@mock.com,2036
608,username89495u,UVP,nzH,UVP_nzH@mock.com,2048
609,username91313E,Mzs,KLz,Mzs_KLz@mock.com,2057
610,username64227y,zPg,fcE,zPg_fcE@mock.com,2032
611,username7504d,mOr,AAn,mOr_AAn@mock.com,2044
612,username28765U,CKF,GXy,CKF_GXy@mock.com,2036
613,username44523s,YDj,Tok,YDj_Tok@mock.com,2057
614,username25288r,CdX,NWP,CdX_NWP@mock.com,2036
615,username55368q,zIz,OiV,zIz_OiV@mock.com,2035
616,username13193f,ESG,Kzo,ESG_Kzo@mock.com,2041
617,username98230H,tPD,FoL,tPD_FoL@mock.com,2054
618,username74494d,tKi,Wte,tKi_Wte@mock.com,2047
619,username14262A,XLy,eWL,XLy_eWL@mock.com,2049
620,username94514J,MSp,LEP,MSp_LEP@mock.com,2025
621,username41695A,LjY,llV,LjY_llV@mock.com,2031
622,username33869F,KvL,jGi,KvL_jGi@mock.com,2023
623,username29872E,Wpp,ZgV,Wpp_ZgV@mock.com,2033
624,username76184s,JUK,pFK,JUK_pFK@mock.com,2058
625,username50836u,iVV,rpv,iVV_rpv@mock.com,2046
626,username57730w,hGP,gQM,hGP_gQM@mock.com,2044
627,username86943M,prN,jbs,prN_jbs@mock.com,2029
628,username10885S,WEV,IIK,WEV_IIK@mock.com,2048
629,username69244f,zTJ,MLx,zTJ_MLx@mock.com,2046
630,username95770p,rCi,YSu,rCi_YSu@mock.com,2046
631,username99310B,Qnz,cYU,Qnz_cYU@mock.com,2041
632,username67713F,gLF,xNf,gLF_xNf@mock.com,2041
633,username51188B,prJ,Ddl,prJ_Ddl@mock.com,2037
634,username28038e,eXB,Nzr,eXB_Nzr@mock.com,2026
635,username39101Q,Gzk,poo,Gzk_poo@mock.com,2029
636,username46225b,aKs,Idq,aKs_Idq@mock.com,2056
637,username19337o,AsR,xFD,AsR_xFD@mock.com,2026
638,username10101q,bPI,MiX,bPI_MiX@mock.com,2056
639,username51856v,QpU,FTk,QpU_FTk@mock.com,2043
640,username39244d,mhZ,kKK,mhZ_kKK@mock.com,2040
641,username26913g,MbS,wBd,MbS_wBd@mock.com,2047
642,username47027C,ypa,kOH,ypa_kOH@mock.com,2055
643,username77870w,xQd,yQU,xQd_yQU@mock.com,2058
644,username57273v,Ves,tgB,Ves_tgB@mock.com,2036
645,username22197u,RND,AiR,RND_AiR@mock.com,2034
646,username83492W,mzQ,vZu,mzQ_vZu@mock.com,2040
647,username57199Q,mNf,XIL,mNf_XIL@mock.com,2044
648,username67445M,TZE,DdF,TZE_DdF@mock.com,2041
649,username86836d,szR,sHT,szR_sHT@mock.com,2046
650,username50449j,FGg,NIw,FGg_NIw@mock.com,2023
651,username12156l,Pks,opS,Pks_opS@mock.com,2048
652,username75457q,Tnj,KVm,Tnj_KVm@mock.com,2042
653,username72368I,ZVV,max,ZVV_max@mock.com,2045
654,username69463A,dds,AJx,dds_AJx@mock.com,2026
655,username33793H,ysb,bpZ,ysb_bpZ@mock.com,2029
656,username401b,VGo,caS,VGo_caS@mock.com,2054
657,username33866P,AAs,iQi,AAs_iQi@mock.com,2038
658,username2750z,vmB,SWx,vmB_SWx@mock.com,2035
659,username67159Q,kGN,Uov,kGN_Uov@mock.com,2052
660,username94564c,ZxR,ovK,ZxR_ovK@mock.com,2023
661,username47668R,RJj,MYR,RJj_MYR@mock.com,2043
662,username33785V,prh,dPz,prh_dPz@mock.com,2052
663,username25315r,SBu,YuN,SBu_YuN@mock.com,2045
664,username5426M,gyp,PUn,gyp_PUn@mock.com,2038
665,username84129l,GCx,SKc,GCx_SKc@mock.com,2049
666,username69434f,dNQ,sFB,dNQ_sFB@mock.com,2032
667,username64916I,MJv,tei,MJv_tei@mock.com,2054
668,username69232r,xZk,peR,xZk_peR@mock.com,2052
669,username36142K,ZrH,mpR,ZrH_mpR@mock.com,2027
670,username8006y,nkA,COW,nkA_COW@mock.com,2047
671,username2707X,FeZ,SWq,FeZ_SWq@mock.com,2043
672,username92281z,qRS,wnE,qRS_wnE@mock.com,2047
673,username38585F,PQa,eVH,PQa_eVH@mock.com,2054
674,username97365Q,OMJ,HeE,OMJ_HeE@mock.com,2029
675,username24403h,hCW,EDy,hCW_EDy@mock.com,2053
676,username81508Q,ZEa,tcs,ZEa_tcs@mock.com,2031
677,username81686e,DAJ,nLF,DAJ_nLF@mock.com,2041
678,username36768Z,Tth,DJh,Tth_DJh@mock.com,2041
679,username20586S,Bda,Hkw,Bda_Hkw@mock.com,2042
680,username37930N,SOX,QqI,SOX_QqI@mock.com,2041
681,username28197c,zjv,ODa,zjv_ODa@mock.com,2028
682,username22650r,iGt,cNR,iGt_cNR@mock.com,2040
683,username76223t,Ado,ZWn,Ado_ZWn@mock.com,2049
684,username12697N,npP,pki,npP_pki@mock.com,2038
685,username64950C,VXE,BAH,VXE_BAH@mock.com,2026
686,username63521t,RFE,DJC,RFE_DJC@mock.com,2032
687,username53039E,Phi,afI,Phi_afI@mock.com,2032
688,username54798c,Ydu,uOA,Ydu_uOA@mock.com,2048
689,username90010V,pvi,eVV,pvi_eVV@mock.com,2032
690,username59960z,cHK,lsl,cHK_lsl@mock.com,2048
691,username46424a,IOR,bsd,IOR_bsd@mock.com,2044
692,username7163B,Nvp,BKT,Nvp_BKT@mock.com,2033
693,username6264F,ktw,vQf,ktw_vQf@mock.com,2054
694,username86871R,IhR,DRK,IhR_DRK@mock.com,2050
695,username65640F,bjG,lzy,bjG_lzy@mock.com,2031
696,username49473L,YOk,XVR,YOk_XVR@mock.com,2044
697,username44482J,rvi,KSR,rvi_KSR@mock.com,2048
698,username94042B,QhG,KwN,QhG_KwN@mock.com,2057
699,username1014z,tJk,aCz,tJk_aCz@mock.com,2049
700,username75206v,fmf,Ymt,fmf_Ymt@mock.com,2045
701,username34223M,rBN,Hzj,rBN_Hzj@mock.com,2050
702,username6488M,Xsu,OgN,Xsu_OgN@mock.com,2027
703,username29663Z,drJ,oJn,drJ_oJn@mock.com,2053
704,username82426j,Nqm,qXz,Nqm_qXz@mock.com,2054
705,username28153s,WJi,NFY,WJi_NFY@mock.com,2034
706,username20330d,msz,XRT,msz_XRT@mock.com,2037
707,username44873A,mdx,JpZ,mdx_JpZ@mock.com,2049
708,username40273b,pnk,dVb,pnk_dVb@mock.com,2041
709,username17707S,TxV,iRU,TxV_iRU@mock.com,2041
710,username93343M,QIa,jtL,QIa_jtL@mock.com,2029
711,username72278Y,kiX,NJZ,kiX_NJZ@mock.com,2049
712,username8307E,jEF,kFZ,jEF_kFZ@mock.com,2049
713,username38430N,kWZ,omw,kWZ_omw@mock.com,2040
714,username33689a,veN,jJK,veN_jJK@mock.com,2038
715,username53563A,lUG,mBr,lUG_mBr@mock.com,2047
716,username59871D,ZJK,daA,ZJK_daA@mock.com,2036
717,username35954O,VLI,NlP,VLI_NlP@mock.com,2040
718,username24789b,DRv,zAo,DRv_zAo@mock.com,2039
719,username9615h,kIq,qGc,kIq_qGc@mock.com,2047
720,username64162t,EoM,Rpg,EoM_Rpg@mock.com,2042
721,username64947W,VZd,ekh,VZd_ekh@mock.com,2042
722,username36031u,Dxf,JTt,Dxf_JTt@mock.com,2050
723,username67150i,hYN,jmM,hYN_jmM@mock.com,2049
724,username11070g,KlQ,fAL,KlQ_fAL@mock.com,2048
725,username45992Y,oEK,KQm,oEK_KQm@mock.com,2056
726,username55854E,OtP,Jhv,OtP_Jhv@mock.com,2058
727,username19661V,zgI,Nxw,zgI_Nxw@mock.com,2053
728,username54461s,zpR,uua,zpR_uua@mock.com,2051
729,username15799I,Mxq,Qqr,Mxq_Qqr@mock.com,2030
730,username28419C,DWg,sjo,DWg_sjo@mock.com,2049
731,username143z,VaK,kOt,VaK_kOt@mock.com,2049
732,username11614a,FFL,ByH,FFL_ByH@mock.com,2040
733,username32667C,CZS,Foc,CZS_Foc@mock.com,2036
734,username38142c,MYK,zGH,MYK_zGH@mock.com,2049
735,username62926x,svq,eAu,svq_eAu@mock.com,2043
736,username57932J,fzz,eFI,fzz_eFI@mock.com,2051
737,username96101R,TrY,jKn,TrY_jKn@mock.com,2039
738,username1110A,SUo,zMX,SUo_zMX@mock.com,2027
739,username69772A,Yma,MCl,Yma_MCl@mock.com,2041
740,username44971e,UaE,tCO,UaE_tCO@mock.com,2041
741,username40559I,qVD,Oih,qVD_Oih@mock.com,2052
742,username46704C,Mbe,nAB,Mbe_nAB@mock.com,2038
743,username88453U,tbg,ZVv,tbg_ZVv@mock.com,2042
744,username58361U,seE,oZT,seE_oZT@mock.com,2056
745,username48432N,gfq,IOY,gfq_IOY@mock.com,2050
746,username50356u,qtP,zWd,qtP_zWd@mock.com,2027
747,username85898Z,JHY,PvH,JHY_PvH@mock.com,2036
748,username58794x,uSp,nKc,uSp_nKc@mock.com,2029
749,username10037m,hkU,NqF,hkU_NqF@mock.com,2036
750,username76133k,gVC,UBj,gVC_UBj@mock.com,2041
751,username69419W,UQD,GBw,UQD_GBw@mock.com,2037
752,username57601z,hnL,sjh,hnL_sjh@mock.com,2048
753,username58577N,bvT,Ahh,bvT_Ahh@mock.com,2056
754,username80405l,kqf,jNf,kqf_jNf@mock.com,2037
755,username86560x,ilF,lot,ilF_lot@mock.com,2035
756,username39589k,atX,IGl,atX_IGl@mock.com,2051
757,username68876H,owQ,cJH,owQ_cJH@mock.com,2034
758,username82516j,azF,olx,azF_olx@mock.com,2044
759,username68137g,Xky,LEA,Xky_LEA@mock.com,2043
760,username34452Q,Ocp,SRU,Ocp_SRU@mock.com,2051
761,username26050g,XYO,lNV,XYO_lNV@mock.com,2048
762,username68208j,ovm,VrD,ovm_VrD@mock.com,2039
763,username51595q,ZJw,dHf,ZJw_dHf@mock.com,2034
764,username72909y,Lbe,rCO,Lbe_rCO@mock.com,2057
765,username248V,xGo,xwe,xGo_xwe@mock.com,2028
766,username48961D,RqV,DlP,RqV_DlP@mock.com,2043
767,username11520a,llU,rMo,llU_rMo@mock.com,2044
768,username60137M,Esu,OGc,Esu_OGc@mock.com,2047
769,username47797B,UcK,dio,UcK_dio@mock.com,2050
770,username45363I,bQh,xVK,bQh_xVK@mock.com,2041
771,username59499Y,OLX,vNw,OLX_vNw@mock.com,2028
772,username60266o,FPv,OQV,FPv_OQV@mock.com,2028
773,username2947E,rZo,CCc,rZo_CCc@mock.com,2026
774,username92444G,Ygh,hzJ,Ygh_hzJ@mock.com,2033
775,username11649U,Ekz,JPx,Ekz_JPx@mock.com,2041
776,username20722w,hbK,XMj,hbK_XMj@mock.com,2055
777,username85159p,Ghy,dhF,Ghy_dhF@mock.com,2059
778,username96495F,YTb,lpm,YTb_lpm@mock.com,2026
779,username11730i,hds,AlF,hds_AlF@mock.com,2049
780,username93979v,ZEC,sfQ,ZEC_sfQ@mock.com,2036
781,username7328i,Obg,Jza,Obg_Jza@mock.com,2045
782,username17741Y,cre,xkN,cre_xkN@mock.com,2033
783,username95449z,asz,UHA,asz_UHA@mock.com,2055
784,username62953O,BgL,ENZ,BgL_ENZ@mock.com,2040
785,username15010R,YfN,xOL,YfN_xOL@mock.com,2033
786,username82693h,XIc,uki,XIc_uki@mock.com,2035
787,username17313S,jdU,TcV,jdU_TcV@mock.com,2030
788,username87222N,Wwc,PLC,Wwc_PLC@mock.com,2031
789,username41195M,AZj,tHO,AZj_tHO@mock.com,2046
790,username99442b,siD,UMb,siD_UMb@mock.com,2038
791,username83860h,wwn,Uil,wwn_Uil@mock.com,2039
792,username1867Q,TZr,Hoc,TZr_Hoc@mock.com,2027
793,username28043m,eAk,RYX,eAk_RYX@mock.com,2023
794,username41956b,yDA,Hfh,yDA_Hfh@mock.com,2051
795,username15365s,hqa,bKd,hqa_bKd@mock.com,2049
796,username65861T,Pxm,TRM,Pxm_TRM@mock.com,2045
797,username11770P,Kee,eZW,Kee_eZW@mock.com,2050
798,username9511N,dJZ,SMs,dJZ_SMs@mock.com,2037
799,username12970a,fIS,FHT,fIS_FHT@mock.com,2032
800,username54585z,lox,hZD,lox_hZD@mock.com,2035
801,username7543p,FTr,GwE,FTr_GwE@mock.com,2046
802,username31608y,fGN,wKo,fGN_wKo@mock.com,2054
803,username91812n,pXF,sEv,pXF_sEv@mock.com,2026
804,username31744f,fro,WHS,fro_WHS@mock.com,2031
805,username24882D,ybl,BrO,ybl_BrO@mock.com,2048
806,username21887e,GJz,bzL,GJz_bzL@mock.com,2049
807,username87395S,iTd,lWj,iTd_lWj@mock.com,2027
808,username92026K,QZd,MBb,QZd_MBb@mock.com,2021
809,username15377F,IXJ,CYa,IXJ_CYa@mock.com,2042
810,username19826C,fPv,TCF,fPv_TCF@mock.com,2035
811,username79506P,oOs,tQm,oOs_tQm@mock.com,2044
812,username76728b,BJT,HTt,BJT_HTt@mock.com,2054
813,username1786N,SZC,hSt,SZC_hSt@mock.com,2044
814,username99561u,Cvz,ITS,Cvz_ITS@mock.com,2024
815,username23916o,jon,wBm,jon_wBm@mock.com,2054
816,username42136I,UBw,gqH,UBw_gqH@mock.com,2044
817,username94849n,Vav,fQu,Vav_fQu@mock.com,2034
818,username50823p,rtU,Ijj,rtU_Ijj@mock.com,2049
819,username3114X,ZHj,Nwo,ZHj_Nwo@mock.com,2041
820,username58196U,ivz,yyf,ivz_yyf@mock.com,2031
821,username7355L,sle,uuT,sle_uuT@mock.com,2041
822,username10932I,bsP,UBN,bsP_UBN@mock.com,2039
823,username64917d,glK,XdM,glK_XdM@mock.com,2045
824,username41024w,aGn,yrE,aGn_yrE@mock.com,2031
825,username42653g,dgV,PIB,dgV_PIB@mock.com,2041
826,username99325p,JaB,Vqs,JaB_Vqs@mock.com,2032
827,username46396D,MQs,nJq,MQs_nJq@mock.com,2030
828,username85631N,vzG,dHF,vzG_dHF@mock.com,2057
829,username30120z,wVX,NfD,wVX_NfD@mock.com,2052
830,username20676m,HtI,RGl,HtI_RGl@mock.com,2033
831,username58232D,CpG,pLq,CpG_pLq@mock.com,2048
832,username6277Q,BJp,QFp,BJp_QFp@mock.com,2040
833,username73936e,AxQ,mrO,AxQ_mrO@mock.com,2051
834,username25377Y,GTz,tkR,GTz_tkR@mock.com,2032
835,username75056h,NZf,mEh,NZf_mEh@mock.com,2026
836,username77029D,OEH,fds,OEH_fds@mock.com,2024
837,username7061E,Cgm,vTN,Cgm_vTN@mock.com,2049
838,username75166q,SnR,dgk,SnR_dgk@mock.com,2046
839,username7196k,CXg,oIj,CXg_oIj@mock.com,2040
840,username50776j,xwB,omq,xwB_omq@mock.com,2043
841,username51200j,Qxr,uYx,Qxr_uYx@mock.com,2050
842,username42533d,IwL,nHO,IwL_nHO@mock.com,2041
843,username30146f,DKe,vPp,DKe_vPp@mock.com,2053
844,username9128D,itv,MFY,itv_MFY@mock.com,2032
845,username33230L,AiP,Jlc,AiP_Jlc@mock.com,2036
846,username33685i,pVX,GqI,pVX_GqI@mock.com,2049
847,username14100A,QsL,kZT,QsL_kZT@mock.com,2041
848,username70589V,ENG,eai,ENG_eai@mock.com,2048
849,username98433p,mRo,RZf,mRo_RZf@mock.com,2046
850,username92798m,ihw,ORV,ihw_ORV@mock.com,2032
851,username57580W,LAe,Ezz,LAe_Ezz@mock.com,2032
852,username34948d,BcY,NOt,BcY_NOt@mock.com,2055
853,username24568j,kGQ,gak,kGQ_gak@mock.com,2042
854,username53458y,vBo,jKB,vBo_jKB@mock.com,2031
855,username95386V,UFA,CjY,UFA_CjY@mock.com,2028
856,username6017K,Cpl,Zby,Cpl_Zby@mock.com,2041
857,username62716j,Aua,fIC,Aua_fIC@mock.com,2048
858,username19521P,OEQ,OGf,OEQ_OGf@mock.com,2033
859,username53670H,BSc,CGD,BSc_CGD@mock.com,2042
860,username6934k,jun,anj,jun_anj@mock.com,2048
861,username56192E,Pvj,fpA,Pvj_fpA@mock.com,2051
862,username38998O,VIX,Efe,VIX_Efe@mock.com,2043
863,username64942l,XRV,PQe,XRV_PQe@mock.com,2044
864,username51559m,VKI,Yqa,VKI_Yqa@mock.com,2051
865,username12471e,jsn,FpL,jsn_FpL@mock.com,2043
866,username23552R,WZb,yfT,WZb_yfT@mock.com,2031
867,username37264E,zgS,Gsv,zgS_Gsv@mock.com,2045
868,username30824V,LXa,nOX,LXa_nOX@mock.com,2034
869,username74183L,Dso,CMN,Dso_CMN@mock.com,2044
870,username5509j,iKv,UCU,iKv_UCU@mock.com,2045
871,username58173q,wHV,dzf,wHV_dzf@mock.com,2040
872,username53158y,DCS,nmu,DCS_nmu@mock.com,2045
873,username10136C,cBd,AGt,cBd_AGt@mock.com,2034
874,username80190s,XWJ,xhg,XWJ_xhg@mock.com,2047
875,username7607s,OMd,ngj,OMd_ngj@mock.com,2043
876,username25357m,HRv,RHi,HRv_RHi@mock.com,2035
877,username67160s,Oma,WPI,Oma_WPI@mock.com,2051
878,username44438T,qfB,sRR,qfB_sRR@mock.com,2046
879,username87106D,xFq,gIO,xFq_gIO@mock.com,2037
880,username65335l,bNz,qfk,bNz_qfk@mock.com,2050
881,username99127W,ujD,xIt,ujD_xIt@mock.com,2046
882,username21025v,UYU,iDn,UYU_iDn@mock.com,2042
883,username61298I,eUg,Xuw,eUg_Xuw@mock.com,2050
884,username80312l,kIT,YKx,kIT_YKx@mock.com,2049
885,username1010C,qBa,Ves,qBa_Ves@mock.com,2027
886,username69706s,tey,Kan,tey_Kan@mock.com,2035
887,username34895Z,TSh,jYS,TSh_jYS@mock.com,2040
888,username45017f,WvR,kFY,WvR_kFY@mock.com,2035
889,username68722L,wwc,Oqr,wwc_Oqr@mock.com,2033
890,username84780T,vZw,bMS,vZw_bMS@mock.com,2055
891,username62437D,OUp,ijB,OUp_ijB@mock.com,2034
892,username12776c,FjR,nhR,FjR_nhR@mock.com,2040
893,username45697t,aKQ,Evi,aKQ_Evi@mock.com,2051
894,username58038n,YvE,TIb,YvE_TIb@mock.com,2048
895,username82253A,paN,oeA,paN_oeA@mock.com,2053
896,username80283G,QKf,tMi,QKf_tMi@mock.com,2049
897,username29534W,AOm,WKt,AOm_WKt@mock.com,2045
898,username80295i,dQy,jFN,dQy_jFN@mock.com,2042
899,username18101C,Zug,Wgw,Zug_Wgw@mock.com,2030
900,username44234x,xVe,Ufn,xVe_Ufn@mock.com,2039
901,username42213c,ymj,VDS,ymj_VDS@mock.com,2028
902,username2500a,ZQb,rWf,ZQb_rWf@mock.com,2040
903,username9854i,WvU,GnH,WvU_GnH@mock.com,2054
904,username75145X,knw,Wrf,knw_Wrf@mock.com,2037
905,username86985f,nCX,eBH,nCX_eBH@mock.com,2028
906,username39934y,Rpr,nHL,Rpr_nHL@mock.com,2042
907,username67833r,gIZ,Tip,gIZ_Tip@mock.com,2036
908,username68702X,nLu,edw,nLu_edw@mock.com,2053
909,username15078o,LHx,Hmi,LHx_Hmi@mock.com,2048
910,username36381c,Xya,Kzo,Xya_Kzo@mock.com,2035
911,username63758g,zFw,tSc,zFw_tSc@mock.com,2033
912,username24841s,IJj,dNQ,IJj_dNQ@mock.com,2040
913,username13401p,luF,znp,luF_znp@mock.com,2039
914,username63279s,tGZ,kxU,tGZ_kxU@mock.com,2030
915,username7518u,KLX,APU,KLX_APU@mock.com,2025
916,username81770W,PFP,LxC,PFP_LxC@mock.com,2038
917,username57079a,eUH,izC,eUH_izC@mock.com,2027
918,username15975E,bvg,QYR,bvg_QYR@mock.com,2052
919,username56118Y,Ebl,CGY,Ebl_CGY@mock.com,2049
920,username16661H,Qsk,ceI,Qsk_ceI@mock.com,2059
921,username56766C,Emr,Gom,Emr_Gom@mock.com,2034
922,username88123z,vik,euQ,vik_euQ@mock.com,2057
923,username26158V,GQN,Mkg,GQN_Mkg@mock.com,2053
924,username3091b,qPE,ftQ,qPE_ftQ@mock.com,2036
925,username75539a,vLt,WTl,vLt_WTl@mock.com,2051
926,username59415N,MFk,Rww,MFk_Rww@mock.com,2046
927,username28189K,IFm,qcI,IFm_qcI@mock.com,2048
928,username32565l,RWy,Uay,RWy_Uay@mock.com,2055
929,username50316q,MPs,LBg,MPs_LBg@mock.com,2045
930,username99172M,pfE,ZaS,pfE_ZaS@mock.com,2028
931,username41627h,vjs,Wnj,vjs_Wnj@mock.com,2029
932,username36216j,pLn,dZo,pLn_dZo@mock.com,2050
933,username78020d,yBS,slV,yBS_slV@mock.com,2030
934,username91800g,pES,jcE,pES_jcE@mock.com,2049
935,username7626k,fDQ,OMq,fDQ_OMq@mock.com,2050
936,username95634S,NOi,ZMb,NOi_ZMb@mock.com,2061
937,username54294a,kzu,lgx,kzu_lgx@mock.com,2045
938,username59549M,xpM,PMY,xpM_PMY@mock.com,2049
939,username31366g,QNM,mNM,QNM_mNM@mock.com,2033
940,username39715e,Vdj,elg,Vdj_elg@mock.com,2055
941,username76029W,Fwl,rWZ,Fwl_rWZ@mock.com,2036
942,username52732g,nrF,OpW,nrF_OpW@mock.com,2027
943,username51244T,pWn,dxe,pWn_dxe@mock.com,2023
944,username36415Y,hyk,ONl,hyk_ONl@mock.com,2047
945,username72120J,RuT,IID,RuT_IID@mock.com,2038
946,username16867Y,ogd,nKC,ogd_nKC@mock.com,2029
947,username64247Y,Whr,TGc,Whr_TGc@mock.com,2037
948,username38003R,MOF,LNZ,MOF_LNZ@mock.com,2055
949,username40419h,EBO,BTI,EBO_BTI@mock.com,2047
950,username48065u,AaG,uFS,AaG_uFS@mock.com,2050
951,username8967u,npo,AkY,npo_AkY@mock.com,2043
952,username72300k,Moi,qSO,Moi_qSO@mock.com,2045
953,username38828x,ZZP,Gti,ZZP_Gti@mock.com,2046
954,username89415o,TVK,tmo,TVK_tmo@mock.com,2036
955,username31633E,LKy,QGu,LKy_QGu@mock.com,2029
956,username4046G,gnb,zrG,gnb_zrG@mock.com,2034
957,username91056Z,qAv,jPx,qAv_jPx@mock.com,2037
958,username19854R,qUo,wNm,qUo_wNm@mock.com,2053
959,username87110D,qKy,NBO,qKy_NBO@mock.com,2041
960,username958g,XyL,hZh,XyL_hZh@mock.com,2040
961,username96030z,gUf,Pge,gUf_Pge@mock.com,2048
962,username56610k,mRS,KnM,mRS_KnM@mock.com,2048
963,username40383U,Vkj,xdQ,Vkj_xdQ@mock.com,2042
964,username55673D,ExJ,NDo,ExJ_NDo@mock.com,2048
965,username52206a,Ftm,Nwd,Ftm_Nwd@mock.com,2051
966,username98015N,VFy,Nbi,VFy_Nbi@mock.com,2028
967,username40730p,iKX,fnj,iKX_fnj@mock.com,2030
968,username67087G,NAH,Ucx,NAH_Ucx@mock.com,2028
969,username19894O,aTT,rvf,aTT_rvf@mock.com,2033
970,username53542H,Yiu,ZuX,Yiu_ZuX@mock.com,2050
971,username93710n,MLZ,vDa,MLZ_vDa@mock.com,2055
972,username16802x,vcK,wUo,vcK_wUo@mock.com,2043
973,username35768p,lFP,baq,lFP_baq@mock.com,2045
974,username86269d,uzD,iww,uzD_iww@mock.com,2032
975,username63477h,GDp,qyX,GDp_qyX@mock.com,2044
976,username27550g,uSA,zNT,uSA_zNT@mock.com,2038
977,username79166v,tIm,OjO,tIm_OjO@mock.com,2037
978,username35679w,nmN,FPM,nmN_FPM@mock.com,2044
979,username94110E,Zam,Vng,Zam_Vng@mock.com,2041
980,username7942U,ztu,lvU,ztu_lvU@mock.com,2045
981,username63987B,uYB,Xuj,uYB_Xuj@mock.com,2047
982,username13199i,Upl,eDV,Upl_eDV@mock.com,2044
983,username4231x,tWx,rsv,tWx_rsv@mock.com,2038
984,username9778i,EUa,DTs,EUa_DTs@mock.com,2049
985,username59920t,IGh,lkG,IGh_lkG@mock.com,2054
986,username47414o,NBX,ebs,NBX_ebs@mock.com,2032
987,username56989p,cmg,szt,cmg_szt@mock.com,2042
988,username96930R,QjV,qhq,QjV_qhq@mock.com,2041
989,username640P,zAw,riB,zAw_riB@mock.com,2053
990,username49284V,WZK,wfa,WZK_wfa@mock.com,2023
991,username31471f,Qyz,dvr,Qyz_dvr@mock.com,2049
992,username30769G,PfH,CAz,PfH_CAz@mock.com,2021
993,username65407Y,vgR,kvR,vgR_kvR@mock.com,2039
994,username9730j,gMQ,FBa,gMQ_FBa@mock.com,2058
995,username42657n,Ref,QZt,Ref_QZt@mock.com,2043
996,username91211D,dUA,JYC,dUA_JYC@mock.com,2036
997,username85020w,kMz,ffw,kMz_ffw@mock.com,2052
998,username99361A,oXn,SWW,oXn_SWW@mock.com,2030
999,username84049T,Owj,YYL,Owj_YYL@mock.com,2022
